words,count
the,28700
of,20659
or,17305
to,14287
any,13098
and,11773
in,9591
such,9003
a,7565
shall,4420
by,4349
be,4266
as,4079
other,3873
that,3806
with,3732
agent,3364
section,3352
lender,3321
for,2951
loan,2901
borrower,2715
is,2675
administrative,2521
on,2494
not,2406
each,2211
date,2044
this,2033
agreement,1997
term,1930
its,1930
applicable,1897
respect,1846
under,1729
credit,1720
an,1654
amount,1607
b,1597
all,1574
time,1534
loans,1530
which,1484
party,1473
s,1319
if,1310
subsidiary,1300
at,1287
have,1268
may,1266
i,1256
from,1222
person,1210
interest,1209
than,1206
lenders,1204
revolving,1175
c,1135
provided,1123
case,1106
including,1092
means,1088
ii,1087
pursuant,1081
obligations,1052
business,1012
indebtedness,995
it,988
bank,981
thereof,971
has,948
rate,940
required,928
restricted,897
no,889
are,885
made,844
payment,838
company,820
effect,786
period,780
subsidiaries,775
benchmark,772
facility,737
extent,733
permitted,724
otherwise,708
day,704
event,699
after,671
documents,647
will,639
hereunder,628
borrowing,626
subject,626
issuing,618
document,611
financial,609
incremental,608
connection,605
commitments,601
replacement,598
notice,595
letter,585
parties,573
sofr,571
been,570
terms,567
cash,565
holdings,550
commitment,549
accordance,530
law,527
material,522
then,511
default,501
prior,500
reasonably,500
set,497
upon,494
consolidated,489
closing,486
amendment,485
iii,481
without,481
would,476
aggregate,475
forth,473
similar,463
clause,457
so,452
assignment,449
relevant,447
assets,445
thereto,440
except,440
collateral,433
consent,429
principal,429
d,421
debt,421
rights,420
their,415
property,412
into,406
deemed,403
information,402
whether,401
payments,397
meaning,396
parent,393
lien,390
outstanding,385
class,381
form,379
being,379
net,379
days,377
one,376
obligation,375
fees,375
request,369
determined,368
non,366
taxes,364
make,359
received,358
amounts,355
payable,353
proceeds,351
effective,346
e,344
result,344
purposes,343
related,340
available,340
swingline,337
l,335
liability,332
specified,332
herein,330
capital,330
incurred,327
more,324
authority,324
plan,323
account,323
investment,323
assigned,319
transaction,318
transactions,312
security,312
due,309
equity,307
u,303
mean,303
hereby,300
interests,300
basis,299
secured,299
acquisition,298
provisions,298
adjusted,294
portion,294
currency,293
fiscal,293
foregoing,292
x,289
liens,288
action,288
extension,284
right,281
giving,281
but,280
within,280
maturity,279
hereto,276
first,275
expenses,275
statements,274
definition,274
paid,271
determination,270
tax,269
securities,268
new,268
termination,267
defaulting,265
stock,264
erisa,264
letters,263
iv,262
certificate,261
affiliate,260
respective,259
change,258
y,258
ordinary,258
delivered,257
relating,256
laws,254
foreign,254
following,253
jurisdiction,252
act,250
same,249
notwithstanding,249
ratio,249
f,248
unless,248
pay,247
several,245
agrees,245
course,244
federal,243
reasonable,241
written,237
immediately,237
borrowers,235
adverse,232
governmental,231
additional,231
prepayment,229
article,226
issued,225
delayed,225
limited,224
compliance,224
successor,224
good,223
equal,223
refinancing,222
benefit,222
affiliates,220
sale,220
above,217
taken,216
against,215
arising,214
title,211
used,210
reference,210
existing,209
pro,209
purchase,208
insurance,208
requirements,208
defined,207
expected,204
g,204
united,202
total,202
conditions,201
code,200
plus,199
faith,198
agreed,198
full,198
based,197
name,196
year,196
provision,196
long,194
constitute,194
understood,194
exceed,193
out,193
york,192
contrary,190
provide,189
schedule,187
described,187
income,187
asset,186
equivalent,186
draw,186
during,185
failure,184
part,184
promptly,184
guarantor,183
solely,182
entity,182
become,182
agreements,181
last,181
together,180
condition,180
requested,179
institution,179
necessary,178
test,177
base,175
officer,175
occurred,172
state,172
value,172
amended,171
writing,171
approved,171
fee,169
administrator,169
paragraph,169
disqualified,168
therein,167
executed,167
component,167
receipt,166
issuance,166
behalf,166
costs,165
discretion,165
thereunder,164
initial,162
when,161
proceeding,161
exposure,159
funds,159
greater,159
only,158
use,157
charges,157
states,155
anything,155
expressly,155
participation,154
through,153
accrued,153
delivery,153
apply,153
hereof,152
entered,152
less,151
accounting,151
denominated,151
assignee,151
substantially,151
h,151
public,150
contemplated,150
making,150
v,150
percentage,149
p,149
further,148
statement,147
investments,147
was,147
extended,146
directly,146
regulation,146
electronic,146
m,145
increase,143
excluded,143
deliver,143
owned,142
participant,142
waiver,141
financing,140
incurrence,140
do,139
designated,139
market,139
clauses,139
fund,138
conversion,137
becomes,137
include,137
were,136
abr,136
order,136
below,135
lease,135
avoidance,135
doubt,135
instrument,135
claim,135
affected,134
liabilities,134
tenor,134
n,133
disposition,133
sections,133
gaap,133
dollars,132
type,132
documentation,132
agree,131
contract,131
performance,131
adjustment,131
either,130
having,130
expense,130
advance,128
purpose,128
exercise,128
legal,127
leverage,127
indemnified,127
transfer,127
exhibit,126
published,126
later,126
guaranty,125
cause,125
preceding,125
contained,125
among,124
occurrence,124
reserve,124
quarter,124
entitled,124
demand,124
withholding,123
current,123
responsible,123
reliance,123
ebitda,122
until,122
does,121
banks,121
permit,121
imposed,121
judgment,120
ownership,118
nor,118
notices,117
sole,117
election,117
facilities,117
least,116
rata,116
held,116
applied,115
manner,115
resolution,115
application,115
appropriate,115
whole,115
most,115
release,115
continuing,115
rfr,114
comply,114
holding,114
counsel,114
calculation,113
end,113
court,113
excess,113
joint,112
those,112
reduction,112
recipient,112
inc,111
funding,111
accounts,111
management,110
month,110
powers,110
given,110
excluding,109
environmental,109
corporation,108
exchange,108
unrestricted,108
services,107
w,107
representations,105
per,105
persons,105
determining,105
service,105
junior,105
assumption,104
referred,104
j,103
three,103
member,102
money,102
directors,102
representation,102
direct,101
office,101
communications,101
securing,101
board,100
acquired,100
warranty,100
another,99
repayment,99
continue,99
customary,99
intercreditor,99
certain,98
advances,98
commercial,98
resulting,98
between,98
duties,98
k,97
satisfactory,97
indirectly,96
eligible,96
two,96
maintain,96
government,96
owing,96
reserved,96
annum,95
changes,95
vi,95
charge,95
participations,95
register,95
consideration,94
compensation,94
deposit,94
limitation,93
thereon,93
lc,93
note,92
requirement,92
forma,92
signature,92
execution,92
actual,92
receivables,92
dated,91
sum,91
control,91
alternate,91
regulatory,91
operations,91
pension,91
instruments,91
take,91
alternative,91
warranties,91
capacity,90
group,90
attributable,90
claims,90
there,90
respects,90
qualified,90
general,90
providing,90
regulations,89
designation,89
materials,89
terminated,89
employees,89
borrowings,89
administration,88
amendments,88
notify,88
require,88
loss,87
eea,86
before,86
final,86
covenant,86
governing,86
hedge,86
lending,85
matters,85
third,85
error,85
thereafter,85
cost,85
actions,84
five,83
arrangement,83
notes,83
agents,82
banking,82
beneficial,82
included,82
replaced,82
guarantee,82
adjustments,81
page,81
calculated,80
damages,80
knowledge,80
own,80
real,79
officers,79
events,79
indemnification,79
could,79
covenants,79
authorized,78
modification,78
agency,78
ended,78
arrangements,78
fixed,78
perfection,78
generally,77
trade,77
us,77
therefor,77
thereby,77
collectively,76
fair,76
fronting,76
arrangers,75
terminate,75
periods,75
losses,75
had,75
exemption,75
copies,75
true,75
daily,75
llc,74
times,74
country,74
debtor,74
binding,74
unpaid,74
organization,74
rent,74
option,73
reimbursement,73
association,72
therewith,72
trust,72
existence,72
taking,71
satisfied,71
dollar,71
derivative,71
where,71
original,71
deposits,71
qfc,71
modified,70
indirect,70
future,70
created,70
construed,70
simple,70
controlled,69
power,69
rules,69
leases,69
vii,69
employee,69
issue,69
increased,69
number,69
acceptance,69
acting,68
platform,68
remedies,68
receivable,68
nature,68
also,68
city,68
neither,68
swap,68
corresponding,67
approval,67
sanctions,67
prohibited,67
individually,67
disbursement,67
properties,66
withheld,66
partnership,66
recently,66
return,66
copy,66
restrictions,66
secure,66
consistent,65
proposed,65
rating,65
ending,65
covered,65
disbursements,65
senior,64
repurchase,64
earlier,64
amend,64
over,64
refinanced,64
converted,63
anti,63
director,63
bail,63
mandatory,63
address,63
obtained,63
extend,62
now,62
waived,62
december,62
insolvency,62
exists,62
price,62
operating,62
absent,62
pledge,62
automatically,62
reason,62
receive,62
support,62
distribution,62
lead,61
write,61
conclusive,61
average,61
benefits,61
contribution,61
registered,61
intellectual,61
holders,61
sub,60
balance,60
implementation,60
contingent,60
filing,60
different,60
correct,60
pari,60
passu,60
national,59
members,59
appointment,59
special,59
irrevocably,59
satisfaction,59
organized,58
accepted,58
longer,58
addition,58
guarantees,58
identified,58
multiemployer,58
repay,58
renewal,58
constituting,58
uk,57
reduced,57
requests,57
rates,57
standards,57
single,57
results,57
execute,57
premiums,57
participating,57
r,56
maintained,56
irs,56
affect,56
acceptable,56
unreimbursed,56
constitutes,56
procedures,56
stated,56
circumstances,56
selected,55
margin,55
continuation,55
voting,55
institutions,55
however,55
amortization,55
enforceability,55
division,55
reduce,55
matter,55
prepayments,55
intended,55
prepay,55
confidential,55
none,55
fiduciary,55
maximum,55
acknowledges,55
guaranteed,55
european,54
rule,54
hazardous,54
next,54
venture,54
violation,54
manifest,54
publication,54
license,54
z,54
prime,54
dispositions,54
assigns,53
policies,53
kingdom,53
proceedings,53
system,53
force,53
bankruptcy,53
consents,53
extensions,53
validity,53
latest,53
signed,53
setting,53
duly,53
hereafter,53
enter,53
floor,52
legislation,52
activities,52
reflect,52
duplication,52
litigation,52
official,52
established,52
life,52
authorization,52
finance,52
arranger,52
equivalents,52
successors,51
delaware,51
merger,51
liable,51
relief,51
acquire,51
effectiveness,51
present,51
promissory,51
transition,51
revolver,51
representative,50
minimum,50
trustee,50
responsibility,50
companies,50
fatca,50
kind,50
evidence,50
spread,50
website,50
america,49
regardless,49
consummation,49
branch,49
viii,49
off,49
completed,49
consummated,49
engaged,49
body,49
assumed,49
months,49
give,49
recent,49
resignation,49
furnished,49
consisting,48
fact,48
filed,48
materially,48
reporting,48
prepaid,48
scheduled,48
calculating,48
reserves,48
million,48
shares,47
unsecured,47
previously,47
certified,47
bonds,47
perform,47
remaining,47
particular,47
unreasonably,47
repaid,47
owed,47
determine,47
offer,47
process,47
affiliated,47
ucc,47
usa,46
jpmorgan,46
september,46
supplemented,46
conduct,46
precedent,46
consolidation,46
cease,46
subordinated,46
succeeding,46
modify,46
records,46
competent,46
rise,46
granted,46
assigning,46
indemnitee,46
way,45
down,45
certification,45
determines,45
receiver,45
second,45
central,45
asserted,45
independent,45
product,45
grant,45
items,45
supported,45
short,45
naic,45
report,44
weighted,44
owner,44
share,44
elect,44
record,44
voluntary,44
therefrom,44
managers,44
sent,44
assign,44
redemption,44
cap,44
wholly,43
funded,43
deferred,43
severally,43
indemnity,43
discharge,43
warrants,43
corporate,43
remain,43
o,43
individual,42
common,42
president,42
deducted,42
position,42
comparable,42
moody,42
representing,42
obligated,42
priority,42
up,42
they,42
premium,42
pocket,42
disclosure,42
patriot,42
erroneous,42
definitions,41
regarding,41
sales,41
intercompany,41
pending,41
8ben,41
ten,41
them,41
retiring,41
chase,40
t,40
obtain,40
union,40
capitalized,40
occur,40
conforming,40
treated,40
standing,40
hedging,40
holder,40
favor,40
ratings,40
ceases,40
limiting,40
favorable,40
waives,40
duty,40
possession,40
added,40
issuer,40
restated,39
principles,39
liquidation,39
practice,39
listed,39
requires,39
natural,39
accountants,39
march,39
convert,39
subsequent,39
like,39
cure,39
sec,38
judgments,38
contracts,38
overnight,38
represents,38
waivers,38
refund,38
reimburse,38
conditioned,38
local,38
gross,38
immaterial,38
must,37
target,37
corruption,37
treasurer,37
enforcement,37
purchasing,37
borrowed,37
whatsoever,37
former,37
forward,37
setoff,37
legally,37
prescribed,37
certificates,37
incur,37
primary,37
enforce,37
separate,37
participate,37
mail,37
back,37
actually,37
substance,36
settlement,36
reorganization,36
years,36
statutory,36
commencement,36
released,36
treasury,36
operation,36
accept,36
unavailability,36
drawing,36
bear,36
replace,36
satisfy,36
breach,36
maintenance,36
indemnify,36
licenses,36
acquisitions,36
documented,36
who,36
escrow,36
sheet,35
prepared,35
notifies,35
disclosed,35
list,35
retirement,35
standard,35
calendar,35
partners,35
unused,35
economic,35
status,35
words,35
acceleration,35
fully,35
threatened,35
create,35
pte,35
transmission,35
installment,35
vice,34
industry,34
minus,34
investigation,34
q,34
commencing,34
complete,34
exercised,34
registration,34
customer,34
hold,34
books,34
past,34
confidentiality,34
consented,34
expiration,34
matt,34
expenditures,34
associated,33
department,33
convertible,33
though,33
plans,33
specific,33
maintaining,33
makes,33
fail,33
nothing,33
uniform,33
manager,33
file,33
waive,33
negligence,33
misconduct,33
beneficiary,33
context,33
opinion,33
category,33
basket,33
spc,33
internal,32
prospective,32
circumstance,32
reports,32
recognized,32
commodity,32
perfected,32
incidental,32
reductions,32
assume,32
assignments,32
survive,32
valid,32
normal,32
development,32
becoming,32
governed,32
reimbursed,32
sell,32
discount,32
coverage,32
undersigned,32
omer,32
pricing,31
contractual,31
chief,31
adoption,31
ix,31
assignor,31
attached,31
entire,31
absolute,31
removed,31
flows,31
materiality,31
organizational,31
restriction,31
contemplation,31
consultants,31
willful,31
sentence,31
flow,31
supplement,30
appointed,30
specifically,30
profits,30
exist,30
annual,30
executive,30
sold,30
sanctioned,30
series,30
withdrawal,30
includes,30
tort,30
decision,30
absence,30
collateralized,30
conducted,30
extending,30
itself,30
disclose,30
goods,30
defense,30
expressed,30
unconditionally,30
aon,29
percent,29
whose,29
multiple,29
promulgated,29
revenue,29
four,29
articles,29
advisors,29
thirty,29
penalties,29
interpreted,29
ratably,29
method,29
removal,29
affecting,29
level,29
considered,29
hand,29
telephone,29
communication,29
contributed,29
options,29
granting,29
amalgamation,29
proviso,29
administered,28
eu,28
protection,28
working,28
employer,28
creditors,28
lawful,28
firm,28
line,28
evidenced,28
consenting,28
substantial,28
partial,28
herewith,28
deduction,28
cancellation,28
lieu,28
dates,28
concurrently,28
screen,28
availability,28
counterparts,28
representatives,28
refinance,28
obligor,28
fullest,28
involving,28
face,28
purchased,28
subordination,28
citibank,27
syndication,27
continued,27
exceeding,27
businesses,27
notified,27
judicial,27
treatment,27
liquidity,27
etc,27
evidencing,27
returns,27
tenors,27
committed,27
acquiring,27
discretionary,27
remedy,27
distributions,27
timely,27
tibor,27
table,26
direction,26
effected,26
franchise,26
located,26
comprising,26
domestic,26
accrue,26
irrespective,26
subsequently,26
receives,26
contested,26
surety,26
recovery,26
recourse,26
signatures,26
counterparty,26
equipment,26
dividends,26
sublimit,26
allocated,26
euribor,26
nyfrb,26
secretary,25
implementing,25
treaty,25
international,25
jurisdictions,25
indenture,25
six,25
ability,25
formation,25
specify,25
irrevocable,25
counterclaim,25
recorded,25
already,25
certifying,25
accompanied,25
regard,25
bound,25
invalid,25
suit,25
collection,25
bridge,25
vehicle,25
drawn,25
exclusive,25
utilized,25
pledged,25
computed,25
index,25
schedules,24
concerning,24
june,24
personal,24
canada,24
permanently,24
specifying,24
post,24
designate,24
par,24
compensate,24
occurs,24
authorizes,24
completion,24
caused,24
creation,24
filings,24
currently,24
trademark,24
limitations,24
surviving,24
bond,24
effects,24
implied,24
appoint,24
facsimile,24
email,24
meanings,24
buzzfeed,24
street,23
gains,23
advisory,23
installation,23
production,23
investors,23
pbgc,23
debts,23
risk,23
proportion,23
penalty,23
conflict,23
violate,23
acknowledge,23
orders,23
adequate,23
attorney,23
keep,23
cumulative,23
recordation,23
treat,23
sterling,23
follows,22
questionnaire,22
practices,22
directive,22
authorities,22
competitor,22
restructuring,22
unmatured,22
custodian,22
virtue,22
quarterly,22
political,22
became,22
exercising,22
risks,22
consecutive,22
references,22
notification,22
duration,22
place,22
supervisor,22
fails,22
recording,22
claiming,22
detail,22
laundering,22
qualification,22
proper,22
attorneys,22
internet,22
discharged,22
lesser,22
expired,22
classes,22
re,22
outside,22
refer,22
yen,22
japanese,22
guarantors,21
publicly,21
can,21
interpretation,21
posting,21
length,21
intangible,21
refers,21
zero,21
operated,21
combination,21
imposition,21
forms,21
warrant,21
consequential,21
continuance,21
represented,21
convention,21
unadjusted,21
increases,21
deems,21
properly,21
generality,21
know,21
modifications,21
since,21
enforceable,21
copyright,21
disposal,21
renewals,21
products,21
wells,21
fargo,21
_,21
contributions,21
previous,21
shorter,21
assuming,21
plc,20
exhibits,20
highest,20
jointly,20
interbank,20
condemnation,20
occurring,20
xi,20
professional,20
quarters,20
incorporation,20
leased,20
might,20
source,20
paragraphs,20
negative,20
patent,20
trademarks,20
declared,20
sound,20
effectively,20
relationship,20
acknowledgement,20
entrance,20
processing,20
counterpart,20
paper,20
dividend,20
financings,20
casualty,20
discounts,20
permanent,20
protective,20
october,19
attention,19
customers,19
transfers,19
operational,19
retention,19
types,19
shareholder,19
confirm,19
mortgage,19
scheme,19
governors,19
exceeds,19
deductions,19
intent,19
credits,19
optional,19
directed,19
decisions,19
determinations,19
backup,19
express,19
projections,19
implemented,19
practicable,19
dispose,19
policy,19
delay,19
resulted,19
represent,19
deem,19
increasing,19
adversely,19
upfront,19
presented,19
elects,19
environment,19
rescindable,19
hundred,19
solvency,18
capacities,18
referenced,18
council,18
supervision,18
measured,18
estate,18
realized,18
failed,18
charged,18
enforced,18
closed,18
both,18
transferred,18
submission,18
ascertain,18
entries,18
initially,18
prejudice,18
partner,18
your,18
relation,18
rely,18
opinions,18
interim,18
approvals,18
carried,18
district,18
sharing,18
sixty,18
relieve,18
appealable,18
distributed,18
commercially,18
efforts,18
offices,18
establish,18
com,18
joinder,18
item,18
bona,18
fide,18
aa,18
confirming,18
isda,18
percentages,18
permits,18
canadian,18
contents,17
consummate,17
managed,17
technical,17
decrease,17
xiii,17
relates,17
courts,17
subdivision,17
interpretations,17
pertaining,17
engage,17
withholdings,17
ancillary,17
beginning,17
endorsed,17
fairly,17
free,17
enable,17
statute,17
decree,17
audit,17
disposed,17
applications,17
copyrights,17
health,17
preparation,17
hours,17
merge,17
seek,17
obtaining,17
suffered,17
providers,17
instead,17
independently,17
labor,17
repayments,17
vote,17
signatory,17
unconditional,17
trial,17
weil,17
construction,17
hope,17
cancelled,17
grants,17
unit,17
inventory,17
alleged,17
anticipated,17
corebridge,17
portal,17
corp,16
adopted,16
decides,16
worth,16
incorporated,16
receivership,16
investing,16
functions,16
even,16
codification,16
periodic,16
word,16
requiring,16
selection,16
settings,16
calculations,16
resolutions,16
supplements,16
audited,16
unaudited,16
registrations,16
patents,16
contain,16
aside,16
provides,16
omission,16
headings,16
data,16
analysis,16
assert,16
suits,16
jury,16
grade,16
add,16
annex,16
advisable,16
henry,16
melville,16
petition,16
software,16
exchangeable,16
majority,16
savings,16
entry,16
financed,16
undrawn,16
consultant,16
monetary,16
distribute,16
exposures,16
accruals,16
indemnitees,16
anniversary,16
global,15
sufficiency,15
co,15
close,15
firms,15
preamble,15
open,15
wall,15
guidelines,15
committee,15
opposite,15
analogous,15
xiv,15
creditor,15
entities,15
conditional,15
bankers,15
performed,15
participants,15
receiving,15
looking,15
integral,15
overdue,15
fifth,15
posted,15
announcing,15
indefinitely,15
yield,15
automatic,15
borrow,15
withhold,15
furnish,15
portfolio,15
complied,15
inability,15
llp,15
authorize,15
names,15
beyond,15
shareholders,15
advised,15
appeal,15
access,15
cover,15
netting,15
unenforceable,15
containing,15
inquire,15
experts,15
well,15
consultation,15
deficiency,15
comprised,15
void,15
similarly,15
forthwith,15
text,15
because,15
declined,15
definitive,15
improvements,15
employment,15
threshold,15
investor,15
ip,15
currencies,15
advise,15
draft,15
renewed,15
called,15
point,15
transferee,15
monitor,15
acknowledged,14
england,14
private,14
owners,14
shown,14
directives,14
using,14
timing,14
measurement,14
recurring,14
xii,14
hybrid,14
undertaking,14
cannot,14
acquires,14
commission,14
fitch,14
approve,14
reportable,14
insolvent,14
administer,14
while,14
refrain,14
establishing,14
indemnifying,14
charter,14
deposited,14
believed,14
light,14
soon,14
scope,14
furtherance,14
remains,14
cross,14
seeking,14
involuntary,14
appropriately,14
advice,14
self,14
observance,14
genuineness,14
shared,14
purchases,14
sells,14
opening,14
import,14
fraudulent,14
departure,14
managing,14
pnc,14
executing,14
optimization,14
earn,14
location,14
gain,14
immediate,14
family,14
illegal,14
appear,14
yet,14
offered,14
refunding,14
limit,14
ensure,14
honor,14
resigning,14
repurchases,14
qualify,14
crbglh,14
discontinued,13
assumes,13
confirmation,13
allocation,13
supplemental,13
instrumentality,13
affairs,13
significant,13
punitive,13
ratable,13
requesting,13
payee,13
objection,13
syndicated,13
positive,13
arise,13
survival,13
disadvantageous,13
addressed,13
sheets,13
authorizations,13
connected,13
beneficially,13
dissolution,13
replacements,13
inspection,13
examination,13
sufficient,13
columbia,13
depository,13
need,13
impair,13
applies,13
quoted,13
whom,13
allow,13
vested,13
privileges,13
subclause,13
pdf,13
manually,13
intention,13
perfect,13
caption,13
watch,13
dutch,13
supply,13
accounted,13
synergies,13
establishment,13
commissions,13
derivatives,13
classified,13
declaration,13
master,13
underwriting,13
accruing,13
ofac,13
situated,13
exceptions,13
decline,13
collateralize,13
regime,13
cfc,13
protected,13
premises,12
failing,12
designed,12
pages,12
et,12
cme,12
eliminate,12
declare,12
elapsed,12
whereupon,12
displayed,12
remove,12
ceased,12
clear,12
regulated,12
covering,12
estimates,12
earnings,12
carry,12
consolidate,12
assessments,12
delinquent,12
subleases,12
encumbrances,12
severance,12
liquidator,12
best,12
subordinate,12
prohibition,12
bad,12
brought,12
intranet,12
meeting,12
omitted,12
dispute,12
subrogation,12
null,12
affects,12
refinancings,12
renew,12
accuracy,12
barclays,12
ag,12
certifies,12
auction,12
disregarded,12
exchanged,12
surplus,12
accrual,12
repricing,12
model,12
ebitdar,12
rental,12
deed,12
redeemable,12
activity,12
damage,12
leasehold,12
reallocated,12
margins,12
consolidating,12
dividing,12
criteria,12
ratios,12
originally,12
refunded,12
relate,12
ventures,12
delivers,12
underlying,12
securitization,12
euro,12
telecopy,12
historical,12
controlling,11
owns,11
announced,11
trading,11
markets,11
saturday,11
sunday,11
wire,11
basel,11
exclude,11
revenues,11
impairment,11
twelve,11
numerically,11
carrying,11
comprehensive,11
nations,11
additions,11
composition,11
once,11
prompt,11
fourth,11
evolving,11
continues,11
consequence,11
adequacy,11
deduct,11
retroactive,11
identify,11
respectively,11
statutes,11
qualifications,11
assumptions,11
nationally,11
known,11
things,11
preserve,11
discussion,11
pledges,11
customs,11
balances,11
purported,11
arm,11
details,11
impose,11
unfunded,11
defaults,11
grace,11
rated,11
presentment,11
protest,11
defects,11
understanding,11
supersede,11
review,11
trustees,11
inform,11
appoints,11
elsewhere,11
relying,11
contravention,11
relative,11
equitable,11
assignees,11
omissions,11
confirms,11
operate,11
limits,11
delivering,11
blank,11
ltd,11
merged,11
initiative,11
insured,11
offs,11
locations,11
infringements,11
formed,11
sinking,11
capitalization,11
expiry,11
auditors,11
contractually,11
reallocation,11
suppliers,11
aig,11
twenty,11
overadvances,11
dilution,11
morgan,10
ceasing,10
reform,10
consumer,10
settlements,10
frequency,10
applicability,10
integration,10
early,10
bonuses,10
clearly,10
institute,10
acceptances,10
said,10
encumbrance,10
allowed,10
maintains,10
matured,10
about,10
reborrowed,10
named,10
potential,10
reinstatement,10
recommendation,10
prevailing,10
subsection,10
documentary,10
8eci,10
obsolete,10
inaccurate,10
redeem,10
validly,10
did,10
pensions,10
showing,10
stating,10
bearing,10
prohibit,10
suffer,10
stay,10
reinsurance,10
insurer,10
inure,10
cusip,10
verify,10
indicated,10
succeed,10
retain,10
deal,10
substitute,10
mailed,10
domain,10
lack,10
inaccuracy,10
conflicts,10
goldman,10
sachs,10
ai,10
bofa,10
language,10
restaurant,10
disputes,10
affirmative,10
ipo,10
accordingly,10
amalgamated,10
card,10
whenever,10
provider,10
controls,10
others,10
incentive,10
media,10
improvement,10
abandonment,10
linked,10
bb,10
swaps,10
designates,10
compared,10
simultaneously,10
useful,10
performing,10
sets,10
updated,10
comparative,10
figures,10
franchises,10
acts,10
guaranties,10
defeasance,10
combined,10
legality,10
euros,10
cbr,10
reuters,10
azek,10
subagent,10
mutual,9
stockholders,9
attachment,9
retroactively,9
sign,9
imposing,9
january,9
american,9
debentures,9
lessor,9
indemnities,9
territory,9
majesty,9
qualifying,9
arises,9
ninety,9
revoked,9
officially,9
convened,9
reducing,9
stamp,9
correctly,9
exempt,9
update,9
qualifies,9
submitted,9
requisite,9
footnotes,9
prevent,9
complies,9
infringement,9
safety,9
asbestos,9
untrue,9
describing,9
inspections,9
overdraft,9
stayed,9
preclude,9
severability,9
care,9
serving,9
advisor,9
delegation,9
gives,9
collective,9
transmitted,9
demands,9
recovered,9
rescinded,9
addresses,9
effectuate,9
enters,9
courier,9
burdensome,9
bring,9
venue,9
accepts,9
higher,9
offset,9
theory,9
illegality,9
fcpa,9
assurances,9
ddtl,9
should,9
maturities,9
obligors,9
interruption,9
initiatives,9
multiplied,9
repurchased,9
water,9
abatement,9
storage,9
fshco,9
profit,9
guaranteeing,9
extends,9
mfn,9
floors,9
drawings,9
cds,9
bailee,9
rulings,9
surrender,9
poor,9
unutilized,9
inconsistency,9
remitted,9
applicant,9
portions,9
adequately,9
disruption,9
tranche,9
redesignation,9
licensing,9
workers,9
restatement,9
sequestrator,9
bid,9
harmless,9
ineffective,9
deliverable,9
invoice,9
auto,9
rounded,9
examinations,9
distressed,9
invoiced,9
joining,9
hsbc,8
stanley,8
bookrunners,8
nfp,8
accurate,8
bears,8
assistant,8
dodd,8
frank,8
concept,8
technology,8
goodwill,8
cured,8
intend,8
conservator,8
writs,8
identifiable,8
identification,8
meets,8
changed,8
august,8
approximately,8
taxing,8
xv,8
seller,8
tangible,8
blocked,8
levies,8
lapse,8
cancel,8
terminates,8
govern,8
announcement,8
compulsory,8
inconsistent,8
waste,8
petroleum,8
privilege,8
protect,8
inspect,8
carriers,8
social,8
bids,8
easements,8
consignment,8
fulfill,8
speculative,8
debtors,8
contest,8
commenced,8
releases,8
instructed,8
relationships,8
exculpatory,8
house,8
returned,8
pledgee,8
identifying,8
commerce,8
defenses,8
cessation,8
referring,8
xvi,8
miscellaneous,8
commence,8
forum,8
michael,8
deutsche,8
substitution,8
interpreting,8
restaurants,8
jefferies,8
elections,8
partnerships,8
branches,8
programs,8
conformity,8
readily,8
standby,8
sponsored,8
downs,8
program,8
relocation,8
valuation,8
abandoned,8
mandatorily,8
surface,8
handling,8
ad,8
consequences,8
broker,8
presence,8
placement,8
beneficiaries,8
reclassification,8
pendency,8
customarily,8
concurrent,8
projected,8
conclusively,8
retire,8
terrorism,8
amending,8
appraisal,8
instructions,8
paying,8
aforesaid,8
reinvested,8
arrears,8
obtains,8
newly,8
mature,8
endorsement,8
issuances,8
utilization,8
exception,8
accessions,8
unremedied,8
prove,8
fax,8
sonia,8
insufficient,8
lce,8
field,8
north,7
bribery,7
lookback,7
administratively,7
feasible,7
depreciation,7
extinguishment,7
version,7
preferred,7
reflected,7
computations,7
irish,7
preferential,7
his,7
able,7
suspend,7
divisions,7
consist,7
believes,7
book,7
publishes,7
mechanism,7
earliest,7
assessment,7
sums,7
8imy,7
expires,7
possible,7
aware,7
authorizing,7
informed,7
injunction,7
award,7
arbitration,7
investigations,7
marks,7
ordinances,7
decrees,7
financially,7
misleading,7
concern,7
retained,7
work,7
promise,7
awards,7
repair,7
unemployment,7
pooled,7
brokerage,7
sublicenses,7
compromise,7
afforded,7
convenience,7
confer,7
responsibilities,7
sue,7
purporting,7
delegated,7
doctrine,7
nonappealable,7
acted,7
mistake,7
instance,7
although,7
unchanged,7
entitlement,7
identity,7
absolutely,7
mutatis,7
mutandis,7
strictly,7
unlawful,7
description,7
sitting,7
bbb,7
fwr,7
whereas,7
engagement,7
november,7
mufg,7
mitigation,7
offering,7
clearing,7
sponsor,7
contemporaneously,7
thencurrent,7
captive,7
agencies,7
view,7
expects,7
store,7
consulting,7
run,7
expensed,7
unrealized,7
translation,7
fx,7
royalties,7
indicates,7
air,7
resources,7
supporting,7
excessive,7
constituted,7
regimes,7
holds,7
nearest,7
phrase,7
computation,7
exceeded,7
tender,7
mergers,7
resign,7
thereupon,7
promises,7
separately,7
opportunity,7
every,7
interfere,7
summary,7
desirable,7
remedial,7
payables,7
refusal,7
role,7
foreclosure,7
dissolve,7
exclusively,7
creditworthiness,7
collect,7
marked,7
opposed,7
retired,7
advising,7
excise,7
decimal,7
auditor,7
ecf,7
ppsa,7
titled,7
unbilled,7
provincial,7
bill,7
qualifier,7
february,6
willing,6
advanced,6
administers,6
13d,6
guideline,6
undertaken,6
reported,6
moratorium,6
solvent,6
intermediate,6
substantively,6
intergovernmental,6
fluctuations,6
sixth,6
reimbursements,6
enterprise,6
contribute,6
response,6
seq,6
discontinuance,6
suspension,6
still,6
start,6
revoke,6
sentences,6
whichever,6
writ,6
facts,6
codes,6
alleging,6
going,6
monthly,6
presently,6
detailed,6
repairs,6
extracts,6
building,6
de,6
listing,6
reset,6
noncompliance,6
remedied,6
regularly,6
winding,6
unable,6
instituted,6
instruction,6
preservation,6
variation,6
negotiation,6
via,6
electronically,6
conferred,6
genuine,6
fulfilled,6
consult,6
satisfies,6
involved,6
presumed,6
recoupment,6
restored,6
object,6
undertake,6
intralinks,6
errors,6
merchantability,6
fitness,6
freedom,6
viruses,6
tif,6
keeping,6
conveyance,6
prospects,6
disability,6
exercises,6
rendered,6
robert,6
peter,6
jason,6
ananda,6
deroche,6
difference,6
lowest,6
recitals,6
entirety,6
points,6
confirmed,6
physical,6
nc,6
classification,6
break,6
qfcs,6
liquidated,6
cards,6
membership,6
reverse,6
statistical,6
purports,6
primarily,6
systems,6
expansion,6
fines,6
steps,6
numbers,6
components,6
fasb,6
correlative,6
call,6
replaces,6
vehicles,6
divided,6
sublease,6
ab,6
generation,6
remediation,6
payroll,6
aircraft,6
q4,6
endorsements,6
corrective,6
relied,6
successive,6
eminent,6
comes,6
journal,6
replacing,6
valued,6
elected,6
outs,6
inclusion,6
causing,6
presentation,6
drafts,6
reinvest,6
delegate,6
conformed,6
needs,6
approving,6
offers,6
outstandings,6
contractors,6
franchisees,6
zoning,6
cc,6
province,6
indicative,6
amalgamate,6
liquidate,6
terminations,6
lawfully,6
appraisals,6
oral,6
bhc,6
aiglh,6
japan,6
ucp,6
republic,6
voluntarily,6
done,6
observe,6
negotiations,6
developed,6
inaction,6
exclusions,6
expenditure,6
substances,6
incurs,6
throughout,6
enforcing,6
enterprises,6
labs,6
thehuffingtonpost,6
magnite,6
overadvance,6
agh,5
agl,5
ever,5
manages,5
parliament,5
unsound,5
lessee,5
concert,5
enacted,5
breakage,5
extraordinary,5
unusual,5
mark,5
corporations,5
precautionary,5
demonstrable,5
iceland,5
liechtenstein,5
norway,5
entrusted,5
delegee,5
legislative,5
alter,5
accorded,5
hypothecation,5
preference,5
memorandum,5
occupational,5
departments,5
region,5
embargoes,5
imposts,5
critical,5
brrd,5
pra,5
rulebook,5
prudential,5
falling,5
ifpru,5
fca,5
handbook,5
equally,5
singular,5
plural,5
select,5
sources,5
remainder,5
usual,5
prepare,5
telephonic,5
suspended,5
rather,5
disapprove,5
unavailable,5
reinstate,5
representativeness,5
reduces,5
fifteen,5
achieved,5
supplementary,5
never,5
avoid,5
incumbency,5
backstopped,5
recordings,5
heretofore,5
accumulated,5
principally,5
reputable,5
updates,5
promote,5
presenting,5
proposes,5
client,5
nonpayment,5
examine,5
finances,5
warehousemen,5
mechanics,5
banker,5
facilitate,5
nonetheless,5
put,5
invalidity,5
modifying,5
waiving,5
forgive,5
postpone,5
minimis,5
commissioners,5
restrictive,5
bureau,5
nonconfidential,5
pub,5
identifies,5
lend,5
communicated,5
orally,5
reservation,5
erroneously,5
cashless,5
incorporating,5
provisional,5
attempted,5
proportionate,5
cooperate,5
5f,5
effort,5
meetings,5
counted,5
side,5
chicago,5
function,5
syndtrak,5
disclaim,5
telecopier,5
structure,5
proceed,5
assistance,5
controversy,5
appellate,5
submits,5
laying,5
inconvenient,5
sounding,5
witness,5
whereof,5
king,5
mellon,5
brian,5
nova,5
scotia,5
fresh,5
reservations,5
td,5
synovus,5
maturing,5
categories,5
personnel,5
appreciation,5
recapitalization,5
quality,5
xviii,5
subscription,5
allowance,5
marketing,5
evidences,5
commodities,5
happening,5
contains,5
ac,5
groundwater,5
threat,5
ae,5
af,5
ah,5
aj,5
ak,5
fixtures,5
eight,5
q1,5
q2,5
q3,5
planning,5
dealing,5
question,5
survey,5
search,5
continuations,5
chosen,5
forecasts,5
consists,5
ukraine,5
resident,5
world,5
followed,5
restatements,5
reclassify,5
reclassified,5
london,5
permissibility,5
entirely,5
participates,5
excuse,5
collateralization,5
accelerated,5
pays,5
refunds,5
rank,5
participated,5
comparison,5
link,5
alone,5
visit,5
landlord,5
defect,5
licensees,5
gas,5
restricting,5
factoring,5
impaired,5
substituted,5
capable,5
incorrect,5
takes,5
entering,5
dd,5
ee,5
monies,5
nonpublic,5
completeness,5
identical,5
notional,5
sought,5
monitoring,5
contracted,5
lines,5
freely,5
isp,5
revaluation,5
people,5
disbursed,5
checks,5
emailed,5
reproduces,5
image,5
computer,5
distress,5
decreases,5
inside,5
internationally,5
eighty,5
transact,5
deficiencies,5
amazon,5
billed,5
collections,5
advertising,5
ozone,5
heading,4
randolph,4
supplied,4
preparing,4
fluctuating,4
corrupt,4
realization,4
enhancement,4
home,4
reject,4
repudiate,4
disaffirm,4
english,4
onerous,4
quotations,4
ifrs,4
connections,4
assurance,4
sponsors,4
contributes,4
recommends,4
saleable,4
probable,4
endangered,4
grounds,4
produce,4
volume,4
prima,4
facie,4
computing,4
5th,4
imposes,4
converting,4
suitable,4
liquidating,4
compensated,4
kyc,4
reflecting,4
important,4
violations,4
formerly,4
transport,4
omit,4
vary,4
knowingly,4
proxy,4
else,4
discuss,4
effecting,4
debit,4
various,4
ground,4
admit,4
undismissed,4
adding,4
impact,4
acquiescence,4
administrators,4
insurers,4
accord,4
connote,4
custom,4
contracting,4
message,4
authenticated,4
presume,4
predecessor,4
ptes,4
mistakenly,4
duplicative,4
signing,4
merely,4
derived,4
joined,4
invalidated,4
county,4
heard,4
serve,4
follow,4
paul,4
lee,4
maureen,4
maroney,4
yadilsa,4
fernandez,4
anthony,4
hafener,4
ming,4
chu,4
australia,4
banco,4
jonathan,4
patrick,4
americas,4
underlined,4
read,4
earned,4
certify,4
induced,4
certifications,4
recordkeeping,4
raymond,4
james,4
effectuation,4
fundamental,4
ach,4
automated,4
stored,4
invested,4
pledgor,4
bonus,4
accountant,4
xvii,4
temporarily,4
fine,4
travel,4
fractional,4
works,4
defaulted,4
commits,4
indicating,4
intends,4
coming,4
come,4
harm,4
tier,4
perfecting,4
minimize,4
bf,4
dealer,4
municipal,4
assuring,4
determinable,4
polychlorinated,4
biphenyls,4
manufacture,4
supplies,4
arrange,4
purchaser,4
selling,4
estimate,4
allowable,4
whollyowned,4
claimed,4
conveys,4
necessarily,4
formula,4
eurocurrency,4
relations,4
emission,4
leaking,4
pumping,4
pouring,4
escaping,4
dumping,4
leaching,4
her,4
cuba,4
iran,4
korea,4
syria,4
crimea,4
fungible,4
traded,4
contingency,4
pronoun,4
masculine,4
feminine,4
neuter,4
classify,4
accreted,4
proprietary,4
remit,4
recover,4
consistently,4
purport,4
submit,4
expire,4
forged,4
reimburses,4
dominion,4
crediting,4
booking,4
tendered,4
rounding,4
licensed,4
budget,4
brand,4
intangibles,4
acknowledgment,4
salary,4
covers,4
complementary,4
progress,4
jj,4
repairmen,4
materialmen,4
earnest,4
encumber,4
user,4
vesting,4
units,4
restricts,4
consolidations,4
buy,4
worn,4
complying,4
realize,4
provisos,4
sophisticated,4
experienced,4
instructs,4
avenue,4
libby,4
russell,4
pertains,4
ambiguity,4
involve,4
simultaneous,4
manhattan,4
cumulated,4
__,4
bracketed,4
truist,4
outbound,4
methodology,4
transferable,4
referencing,4
thomson,4
stability,4
creating,4
levy,4
trusts,4
sap,4
larger,4
doing,4
contravene,4
civil,4
redesignated,4
contacts,4
platforms,4
perceived,4
format,4
violating,4
disclosing,4
diligence,4
moon,4
barbara,4
ingrassia,4
kyle,4
202__,4
positions,4
introductory,4
allowances,4
conventions,4
mutually,4
redemptions,4
wastes,4
mnpi,4
divide,4
generated,4
subagents,4
clifford,4
motion,4
1000th,4
upward,4
dynamic,4
rendition,4
ineligible,4
financials,4
accommodations,4
addendum,4
sanction,4
actuarial,4
abl,4
wendy,4
ruberti,4
therefore,3
valuable,3
wales,3
controller,3
contingently,3
conservatorship,3
immunity,3
disavow,3
brokers,3
commissioner,3
deferrable,3
vendor,3
naming,3
bylaws,3
constitutive,3
wide,3
nationals,3
small,3
met,3
nominal,3
withdrawn,3
characteristics,3
equivalence,3
affidavit,3
destruction,3
installations,3
redirected,3
accurately,3
w8ben,3
deficit,3
payoff,3
exemptions,3
inquiry,3
enjoin,3
associate,3
toxic,3
chemical,3
fraction,3
transported,3
revocation,3
uncertainties,3
contingencies,3
ec,3
injunctions,3
intervals,3
often,3
convey,3
age,3
sweep,3
space,3
equals,3
withdraw,3
pooling,3
bankrupt,3
answer,3
allegations,3
undischarged,3
unstayed,3
understandings,3
nonliability,3
subpoena,3
collectors,3
degree,3
expose,3
believe,3
found,3
acknowledgments,3
equitably,3
subrogated,3
accelerate,3
whatever,3
segregated,3
attend,3
websites,3
incapable,3
sender,3
deliveries,3
regularity,3
acknowledgements,3
revived,3
rescission,3
chartered,3
fig,3
levels,3
a3,3
split,3
textually,3
example,3
scheduleon,3
gotshal,3
manges,3
invoices,3
ratified,3
texas,3
see,3
tests,3
nt,3
correspondents,3
he,3
purportedly,3
numerator,3
denominator,3
cni,3
growth,3
check,3
interstate,3
network,3
marketable,3
owning,3
noncash,3
reimbursable,3
warehouse,3
moving,3
strategic,3
upgrade,3
wind,3
exclusion,3
restructurings,3
toward,3
multi,3
tenant,3
complex,3
discounting,3
movement,3
implicit,3
divestiture,3
rollover,3
payout,3
research,3
billing,3
141r,3
studies,3
negotiable,3
phantom,3
stockholder,3
ambient,3
indoor,3
land,3
subsurface,3
strata,3
wetlands,3
injury,3
transportation,3
consensual,3
4041a,3
trigger,3
procure,3
likely,3
al,3
am,3
wage,3
invalidate,3
motor,3
prohibits,3
practical,3
affixed,3
thin,3
keepwell,3
futures,3
human,3
heirs,3
unlimited,3
topic,3
accompanying,3
fall,3
perio,3
contractor,3
separation,3
unaffiliated,3
easement,3
ongoing,3
minority,3
publications,3
quote,3
utilizing,3
optionally,3
anticipation,3
spill,3
injection,3
dispersal,3
migration,3
treaties,3
logos,3
uniting,3
strengthening,3
tools,3
intercept,3
obstruct,3
subtitle,3
translated,3
refinances,3
revised,3
shortfall,3
carve,3
nevertheless,3
wishes,3
remittance,3
proving,3
causes,3
finally,3
strict,3
installments,3
rejection,3
repatriation,3
effectuated,3
refundable,3
leap,3
charging,3
lower,3
directions,3
unsatisfied,3
entitling,3
render,3
asserts,3
seventh,3
nondefaulting,3
structuring,3
reaffirmation,3
attaching,3
tranches,3
agreeing,3
noted,3
utilize,3
arbitrator,3
differences,3
strikes,3
incidentally,3
ultimately,3
attachments,3
what,3
posts,3
stand,3
wear,3
tear,3
excepted,3
carrier,3
estimated,3
discovered,3
disinterested,3
clients,3
receipts,3
landlords,3
encroachments,3
importation,3
gg,3
creates,3
hh,3
key,3
subclauses,3
themselves,3
deny,3
ff,3
inducement,3
initiated,3
empowered,3
intervention,3
charlotte,3
voted,3
buyer,3
forbearance,3
borough,3
retains,3
leading,3
consulted,3
fsi,3
ladies,3
gentlemen,3
bnp,3
paribas,3
mizuho,3
royal,3
sumitomo,3
mitsui,3
baa3,3
dealings,3
averaging,3
disregarding,3
fortitude,3
disqualifying,3
april,3
radioactive,3
radon,3
gics,3
chamber,3
xxx,3
donetsk,3
luhansk,3
regions,3
nation,3
desired,3
reborrow,3
ascertaining,3
originals,3
conducting,3
theretofore,3
surrendered,3
forty,3
turn,3
additionally,3
nonratable,3
terminating,3
underfunded,3
secures,3
improving,3
attach,3
id,3
medium,3
approves,3
typographical,3
workout,3
nominated,3
fraud,3
league,3
administering,3
defending,3
grid,3
satisfying,3
plant,3
printer,3
equityholders,3
decreased,3
reversal,3
seventy,3
breached,3
deleterious,3
arriving,3
terrorist,3
discounted,3
friable,3
areas,3
evaluating,3
places,3
repays,3
baskets,3
disposes,3
commit,3
aggregated,3
superior,3
infringing,3
narrative,3
utilities,3
refundings,3
lists,3
kicks,3
fc,3
pictures,3
cm,3
lexland,3
studios,3
lxl,3
torando,3
turbo,3
cactus,3
captions,3
chattel,3
ontario,3
100th,3
accommodation,3
municipality,3
245a,3
founder,3
jonah,3
peretti,3
dismissed,3
secrets,3
diligently,3
video,3
audio,3
eligibility,3
specifies,3
finder,3
lessors,3
achieve,3
copying,3
twentieth,3
20th,3
ireland,2
penns,2
ops,2
castle,2
syndications,2
possesses,2
reformed,2
lived,2
rearrangement,2
disqualify,2
allocations,2
ankura,2
supranational,2
prices,2
some,2
repossession,2
falls,2
constitution,2
alexander,2
hewitt,2
coal,2
staff,2
annuities,2
wound,2
mixed,2
territorial,2
specially,2
australian,2
cba,2
selections,2
theft,2
mutilation,2
waterfall,2
subjects,2
assessed,2
condensed,2
lawsuits,2
schemes,2
regulator,2
arranging,2
possess,2
challenge,2
asserting,2
pollutant,2
contaminant,2
oil,2
many,2
assertion,2
furnishing,2
links,2
accessed,2
regular,2
files,2
fields,2
enhance,2
kept,2
countries,2
worker,2
old,2
utility,2
character,2
netherlands,2
van,2
netted,2
how,2
entitle,2
false,2
aggregating,2
acquiesce,2
examiner,2
custody,2
disputed,2
rescind,2
outof,2
spot,2
inoperative,2
phase,2
unintended,2
recipients,2
selfregulatory,2
servicing,2
writedown,2
citigroup,2
preceded,2
notifying,2
attended,2
site,2
rejected,2
st,2
digital,2
manual,2
avoidable,2
maximize,2
sureties,2
counterclaims,2
nonperformance,2
dishonor,2
exoneration,2
indefeasibly,2
choice,2
southern,2
hagy,2
gardner,2
mugashu,2
alistair,2
boyd,2
dilip,2
chaini,2
austin,2
bennett,2
montreal,2
tracy,2
martinov,2
timothy,2
uwemedimo,2
ing,2
dublin,2
donoghue,2
ciaran,2
dunne,2
joshua,2
metcalf,2
ubs,2
stamford,2
hazoglou,2
colon,2
daniel,2
chapman,2
alison,2
lugo,2
zealand,2
cynthia,2
dioquino,2
bilbao,2
vizcaya,2
argentaria,2
crowley,2
andrew,2
pargament,2
china,2
europe,2
rotterdam,2
mr,2
lei,2
wang,2
deputy,2
teresa,2
pereyra,2
westminster,2
biggs,2
srisupen,2
andersen,2
carl,2
boulton,2
wong,2
northern,2
lisa,2
decristofaro,2
svp,2
unicredit,2
gmbh,2
sam,2
opitz,2
head,2
alek,2
borowicz,2
baa1,2
baa2,2
a2,2
bps,2
delete,2
stricken,2
double,2
minutes,2
supervisory,2
intentionally,2
christopher,2
tomasso,2
luppino,2
assocation,2
carmen,2
campise,2
jr,2
kochan,2
harrell,2
scott,2
tocci,2
fern,2
lindsay,2
ritam,2
bhalla,2
karan,2
kapoor,2
ciuffreda,2
30322ua,2
borr,2
au,2
inter,2
recital,2
borne,2
unrelated,2
recalculated,2
advises,2
ble,2
dissolved,2
conveyed,2
supplier,2
usc,2
thenprevailing,2
backed,2
disposing,2
ct,2
certificated,2
undated,2
unregulated,2
straight,2
reconstruction,2
reconfiguration,2
uses,2
closure,2
design,2
overhead,2
expanded,2
channel,2
refurbishment,2
week,2
renegotiation,2
pre,2
amortized,2
exceptional,2
discontinuation,2
pushed,2
feasibility,2
branding,2
recruiting,2
exercisable,2
collar,2
symbol,2
authenticate,2
flora,2
fauna,2
allege,2
su,2
accomplished,2
encumbered,2
burden,2
outweighs,2
notarization,2
disproportionate,2
airframes,2
engines,2
helicopters,2
criminal,2
obligee,2
medical,2
spouse,2
individuals,2
foundation,2
donor,2
nonrecourse,2
unincorporated,2
embedded,2
se,2
commences,2
legitimate,2
lost,2
putting,2
unwinding,2
governance,2
inventions,2
reissues,2
proportionately,2
kk,2
merging,2
amalgamating,2
sarbanes,2
oxley,2
regulators,2
barrels,2
containers,2
receptacles,2
soil,2
144a,2
precedents,2
grantors,2
advent,2
1a,2
dress,2
symbolized,2
settle,2
along,2
multiplying,2
serial,2
elapse,2
negotiate,2
asu,2
deliverables,2
daylight,2
bloomberg,2
displaying,2
roll,2
accretion,2
differing,2
operative,2
expand,2
revolvin,2
comprise,2
ne,2
sight,2
restrain,2
thresholds,2
refuse,2
compliant,2
accumulate,2
moneys,2
specification,2
upstreaming,2
frame,2
cases,2
modifies,2
reemployment,2
er,2
ofpocket,2
th,2
intermediary,2
disproportionately,2
eighth,2
partially,2
elimination,2
structured,2
misappropriation,2
knows,2
differ,2
lockouts,2
worked,2
candidate,2
warranted,2
evaluate,2
edgar,2
selfinsurance,2
deductibles,2
pertain,2
replenish,2
join,2
involves,2
bargaining,2
incurrences,2
oversight,2
purchasers,2
sellers,2
forming,2
tenders,2
existed,2
vacation,2
workmen,2
television,2
declarations,2
irregularities,2
regulate,2
depositary,2
encumbering,2
reciprocal,2
shipment,2
consignees,2
crown,2
underwriter,2
man,2
high,2
subletting,2
renewing,2
distributors,2
licensors,2
amalgamations,2
reorganizations,2
sublicensing,2
economically,2
impracticable,2
conveyances,2
factors,2
core,2
unwind,2
clarity,2
recalculation,2
demonstrating,2
unvacated,2
denied,2
assure,2
sufficiently,2
transferring,2
contemplates,2
suite,2
overmyer,2
wish,2
conspicuously,2
marking,2
approached,2
input,2
restate,2
functional,2
mid,2
markit,2
functionally,2
settled,2
objected,2
acknowledging,2
designating,2
injunctive,2
irreparable,2
permitting,2
auctions,2
formal,2
paperbased,2
unenforceability,2
summons,2
compelled,2
understand,2
adjudged,2
intermediaries,2
aifs,2
undertakings,2
fundings,2
conveying,2
main,2
marginal,2
noncontrolling,2
recycling,2
resource,2
engaging,2
displays,2
urea,2
formaldehyde,2
foam,2
insulation,2
segregate,2
annuity,2
variable,2
generating,2
reinsurer,2
axxx,2
nonu,2
eurodollar,2
emptying,2
supervising,2
zaporizhzhia,2
kherson,2
venezuela,2
offsets,2
t2,2
fifteenth,2
bases,2
furthermore,2
prevents,2
obsolescence,2
instruct,2
nonextension,2
honoring,2
proves,2
conflicting,2
pricewaterhousecoopers,2
necessity,2
latham,2
watkins,2
gathering,2
retrieval,2
constructing,2
securitizations,2
billion,2
ordering,2
admitting,2
adopt,2
mechanical,2
invest,2
clearpar,2
web,2
password,2
whereby,2
vetting,2
understands,2
portals,2
telecommunications,2
syndicate,2
images,2
transmissions,2
measures,2
endeavor,2
recognition,2
handle,2
reinstated,2
restoration,2
preventing,2
reid,2
lewis,2
evan,2
moriarty,2
pat,2
mcneely,2
cunnane,2
marko,2
lukin,2
mrudul,2
kotia,2
donna,2
demagistris,2
crisesth,2
compton,2
kevin,2
bemben,2
mathieu,2
boisvert,2
theberge,2
shane,2
klein,2
landry,2
rinderle,2
keybank,2
nichols,2
brooks,2
thropp,2
santander,2
andres,2
barbosa,2
leonardos,2
société,2
générale,2
charles,2
kornberger,2
toronto,2
betty,2
chang,2
corebridgefinancial,2
sanjeev,2
malhotra,2
sarah,2
inserted,2
conversions,2
misstatements,2
step,2
eliminated,2
aimed,2
profitability,2
exiting,2
redundancy,2
recommended,2
competitors,2
similarity,2
potable,2
navigable,2
reclamation,2
harmful,2
residual,2
cpg,2
buybacks,2
yank,2
pollutants,2
contaminants,2
distillates,2
these,2
insufficiency,2
adjudicated,2
deducting,2
west,2
undivided,2
aaa,2
defease,2
parcels,2
onto,2
transformative,2
promulgation,2
pronouncement,2
tested,2
substitutes,2
withholds,2
allocable,2
welfare,2
entails,2
threatens,2
conspires,2
supports,2
lent,2
misappropriating,2
near,2
specimen,2
upcoming,2
damaged,2
estates,2
sublessor,2
priorities,2
troubled,2
perspective,2
corollary,2
meet,2
enables,2
vacated,2
bonded,2
vest,2
issues,2
bind,2
broad,2
marshaling,2
delays,2
publicity,2
crime,2
ascribed,2
applying,2
unapplied,2
contra,2
ranking,2
quotient,2
rebate,2
rebates,2
uncollectible,2
restrict,2
fulfillment,2
chargeback,2
sovereign,2
concentration,2
waters,2
citation,2
charters,2
flood,2
pronouncements,2
repayable,2
unamortized,2
processes,2
designs,2
better,2
searches,2
lawsuit,2
project,2
chargeable,2
mortgages,2
quebec,2
film,2
produced,2
theatrical,2
exploitation,2
endanger,2
dilutions,2
drafted,2
lockbox,2
according,2
budgets,2
incident,2
nonassessable,2
procedure,2
factual,2
underground,2
inspecting,2
auditing,2
agings,2
removing,2
exhaustive,2
soundpointcap,2
kslaw,2
david,2
arroyo,2
freshfields,2
lakin,2
imaging,2
detention,2
usurious,2
economies,2
scale,2
publish,2
lauren,2
spector,2
empty,1
styles,1
panel,1
singly,1
fedwire,1
infrequently,1
impairments,1
123r,1
incentives,1
earnouts,1
endorses,1
assures,1
comfort,1
trades,1
guardian,1
swing,1
indentures,1
tribunal,1
bodies,1
values,1
corresponds,1
composed,1
bain,1
hogg,1
minet,1
jenner,1
fenton,1
slade,1
superannuation,1
mcmillen,1
stocks,1
targets,1
numbered,1
alternat,1
multiples,1
selecting,1
unanimous,1
noteless,1
again,1
differs,1
interval,1
recovers,1
nonoccurrence,1
90th,1
fewer,1
employing,1
8exp,1
cravath,1
swaine,1
moore,1
matheson,1
simpson,1
thacher,1
bartlett,1
nine,1
validation,1
validations,1
presents,1
underfunding,1
warning,1
interference,1
invalidities,1
challenges,1
crude,1
arranged,1
forecast,1
forwardlooking,1
reconciliation,1
visits,1
algemene,1
voorwaarden,1
nederlandse,1
vereniging,1
banken,1
users,1
technologies,1
stepped,1
demonstrate,1
overdrafts,1
adjudicate,1
pleading,1
denying,1
condemn,1
seize,1
condemned,1
seized,1
appropriated,1
defendant,1
annul,1
changing,1
ambiguities,1
embody,1
enjoy,1
awarded,1
severable,1
undertakes,1
forfeiture,1
distributable,1
demanded,1
unrecovered,1
accelerating,1
contemporaneous,1
outright,1
compensating,1
effectuating,1
east,1
il,1
agencyabtfsupport,1
citi,1
prescribes,1
docusign,1
pursue,1
exonerating,1
setoffs,1
presentments,1
protests,1
impairs,1
bryan,1
vp,1
unsecuredsenior,1
examples,1
sort,1
reaffirms,1
affirms,1
novation,1
left,1
egg,1
iiiname,1
tfw,1
30322uaa9,1
d3,1
e1,1
30322uaf8,1
aap,1
paym,1
rol,1
ers,1
calc,1
ions,1
det,1
inations,1
ngs,1
ence,1
deter,1
paymen,1
enerally,1
ders,1
advers,1
ect,1
environm,1
llateral,1
es,1
iaries,1
gu,1
antee,1
pa,1
nts,1
ch,1
ges,1
cov,1
ants,1
ization,1
emedies,1
admini,1
ve,1
ndments,1
assig,1
jur,1
rial,1
intercredito,1
reements,1
alios,1
golub,1
redeemed,1
2024incremental,1
adju,1
rm,1
mont,1
ffect,1
loa,1
delivere,1
equired,1
bove,1
marke,1
protections,1
chain,1
substitutions,1
dollar11,1
expended,1
f2,1
underwriters,1
votes,1
wit,1
sect,1
edit,1
prosp,1
fina,1
ered,1
towards,1
opportunistic,1
situations,1
unfavorable,1
buyout,1
writeoff,1
recall,1
optionholder,1
rationalization,1
decommissioning,1
recommissioning,1
curtailment,1
startup,1
staffing,1
exit,1
remodeling,1
rebuilds,1
retail,1
passed,1
proportional,1
annualizing,1
infrequent,1
divested,1
inprocess,1
sop,1
organizing,1
stores,1
training,1
preopening,1
protectable,1
unpublished,1
owe,1
arose,1
llcs,1
passbook,1
equities,1
precious,1
metal,1
matures,1
mezzanine,1
invests,1
accredited,1
drinking,1
forprofit,1
leaseback,1
invalidation,1
ao,1
ap,1
aq,1
ar,1
difficulty,1
av,1
aw,1
ax,1
ay,1
az,1
ba,1
bc,1
bd,1
bg,1
bh,1
bi,1
bj,1
hich,1
buildings,1
predecessors,1
indebt,1
nd,1
constituent,1
poses,1
hazard,1
pharmaceutical,1
child,1
stepchild,1
grandchild,1
remote,1
descendant,1
stepparent,1
grandparent,1
sibling,1
mother,1
father,1
son,1
daughter,1
adoptive,1
executor,1
legatees,1
bk,1
bl,1
hereon,1
bm,1
bn,1
bo,1
bp,1
bq,1
assignme,1
posure,1
amendmen,1
mmitment,1
entertainment,1
designee,1
reissued,1
appendices,1
quo,1
safe,1
ofthe,1
franchised,1
capped,1
serves,1
saving,1
floating,1
factor,1
cited,1
debtholders,1
comptroller,1
reg,1
multinational,1
ure,1
slogans,1
indicia,1
origin,1
build,1
twelfth,1
supplementing,1
internally,1
occurrin,1
bifurcated,1
rollovers,1
renews,1
takeover,1
fluctuation,1
permission,1
sufferance,1
specificity,1
expression,1
revisions,1
secret,1
owes,1
closingamendment,1
ive,1
outstandi,1
ount,1
ving,1
revolvi,1
der,1
tha,1
sw,1
conform,1
incorporate,1
gregate,1
itments,1
expiring,1
appears,1
disburse,1
hen,1
demanding,1
interestbearing,1
erminate,1
ter,1
pecified,1
ef,1
tify,1
tial2024,1
ents,1
initial2024,1
alternatively,1
loses,1
increments,1
applica,1
declines,1
streaming,1
intra,1
sence,1
minimizes,1
comm,1
revokes,1
indemnifiable,1
invokes,1
sustained,1
w8imy,1
ineligibility,1
chapter,1
round,1
mitigate,1
coupled,1
stead,1
compute,1
le,1
readjusted,1
occasions,1
ticking,1
sizes,1
begin,1
insofar,1
increment,1
accomplish,1
istrative,1
developments,1
authorship,1
embodied,1
industryspecific,1
viewed,1
nonperfection,1
slowdowns,1
gift,1
anyone,1
improper,1
advantage,1
explanatory,1
impending,1
privileged,1
prospectuses,1
prospectus,1
summarizes,1
accrues,1
needed,1
reputation,1
adjust,1
chooses,1
sending,1
suggests,1
investigating,1
potentially,1
provi,1
redit,1
estoppel,1
warehouseman,1
vin,1
antiassignment,1
deeds,1
restricte,1
ubsidiaries,1
compensatory,1
monitorin,1
ng,1
reincorporating,1
norms,1
engages,1
reacquire,1
tak,1
rrower,1
ection,1
manage,1
servitudes,1
railways,1
sewers,1
drains,1
pipelines,1
mains,1
electric,1
telecommunication,1
telegraph,1
cable,1
conduits,1
poles,1
wires,1
cables,1
dimensions,1
structures,1
benefited,1
parameters,1
eac,1
lis,1
pendens,1
tag,1
drag,1
expropriation,1
unitary,1
dissenters,1
catch,1
concession,1
liquidations,1
windings,1
dissolutions,1
od,1
nonqualified,1
collaboration,1
concessionary,1
rabbi,1
grantor,1
ingle,1
leasing,1
subleasing,1
tes,1
riod,1
toge,1
forgiveness,1
consignments,1
exchanges,1
economical,1
reincorporate,1
reorganize,1
resold,1
iscal,1
mmated,1
addback,1
buyback,1
15th,1
twice,1
preliminary,1
unbounded,1
unbonded,1
counterparties,1
bidding,1
licensor,1
outgoing,1
ospects,1
creditw,1
thiness,1
mm,1
indicate,1
penaltie,1
expanding,1
proofs,1
reement,1
pendery,1
bradenton,1
fl,1
mel,1
49th,1
45th,1
ken,1
prince,1
dispatch,1
unrevoked,1
content,1
disclaims,1
noninfringement,1
ruling,1
postpones,1
reasons,1
amends,1
etermination,1
bilateral,1
thenexisting,1
ratability,1
obvious,1
implementations,1
forbear,1
notwithstandi,1
finds,1
admission,1
fault,1
culpability,1
insertions,1
ponsible,1
instituting,1
save,1
breaches,1
91st,1
conference,1
calls,1
sake,1
nonpro,1
cancellations,1
launch,1
deprive,1
invited,1
numerosity,1
iates,1
cancelling,1
plead,1
disseminated,1
dissemination,1
click,1
affirmatively,1
generic,1
summarize,1
advisability,1
tel,1
you,1
aba,1
art,1
para,1
lit,1
compartments,1
raise,1
greatest,1
unrated,1
7½,1
6⅝,1
8½,1
8⅛,1
2nd,1
expect,1
calculable,1
correction,1
republication,1
euribor01,1
brussels,1
g20,1
summit,1
gic,1
ignitable,1
corrosive,1
reactive,1
hydrocarbons,1
ash,1
chlorofluorohydrocarbons,1
personally,1
fidelity,1
policyholder,1
producer,1
recapture,1
intraparty,1
coordination,1
promotion,1
uniformity,1
portfolios,1
discrete,1
pools,1
notionally,1
insignificant,1
evaluation,1
guidance,1
codified,1
composite,1
detract,1
fixture,1
supervisors,1
refinitiv,1
defining,1
domicile,1
succeeds,1
infact,1
emergency,1
proration,1
confirmations,1
raising,1
eurosystem,1
pm,1
tokyo,1
ippan,1
shadan,1
hojin,1
jba,1
dtibor01,1
redenominated,1
introduction,1
changeover,1
wherever,1
respond,1
lengths,1
noon,1
presumption,1
conclusion,1
presumptions,1
propose,1
obligates,1
moneylaundering,1
external,1
formalities,1
diminish,1
regulates,1
autoextension,1
thirtieth,1
30th,1
want,1
directing,1
anticipates,1
conclusiveness,1
inpossession,1
irregularity,1
pursuing,1
exemplary,1
inures,1
derives,1
nonextending,1
responses,1
arbitral,1
misstatement,1
omits,1
ultimate,1
buying,1
occasion,1
kinds,1
compatible,1
constructed,1
improved,1
ceding,1
securitized,1
affordable,1
housing,1
uncollateralized,1
facilitating,1
motivations,1
element,1
constant,1
informal,1
hoc,1
maker,1
debtdomain,1
syndicaiton,1
codocumentation,1
generallyapplicable,1
concurred,1
unauthorized,1
telegraphic,1
adviser,1
confirmer,1
forgery,1
relatives,1
verification,1
appearance,1
imaged,1
destroy,1
argument,1
lacks,1
supreme,1
juridical,1
isp98,1
urdg,1
routinely,1
contact,1
doddfrank,1
signatories,1
mentioned,1
dealt,1
exhaust,1
hudson,1
jersey,1
nj,1
willkie,1
farr,1
gallagher,1
gelb,1
madison,1
unknown,1
malpractice,1
202_,1
adheres,1
enclosed,1
durations,1
notation,1
½,1
measuring,1
procurement,1
diluted,1
veto,1
reusing,1
reuse,1
reused,1
upgraded,1
repaired,1
renovation,1
unrecognized,1
recapitalizations,1
buyouts,1
enhanced,1
shut,1
factually,1
supportable,1
dissenting,1
parents,1
expensing,1
centers,1
nonrecurring,1
twentyfour,1
payouts,1
fas,1
ineffectiveness,1
remeasurements,1
exchanging,1
defeased,1
addbacks,1
institutional,1
principals,1
death,1
cfcs,1
fshcos,1
performable,1
chemicals,1
constituents,1
explosive,1
byproducts,1
indices,1
footnote,1
holdbacks,1
unperformed,1
begins,1
ore,1
verbally,1
retracted,1
forced,1
lenderrelated,1
unions,1
exposed,1
weighting,1
ihs,1
wt,1
harris,1
blvd,1
1b1,1
mac,1
d110,1
pounds,1
speculation,1
commonwealth,1
obtainable,1
2a,1
commonly,1
feature,1
hereditaments,1
appurtenances,1
appurtenant,1
fordollar,1
25a,1
supervised,1
spilling,1
seepage,1
emitting,1
discharging,1
injecting,1
depositing,1
dispersing,1
emanating,1
migrating,1
parenthetical,1
flexibility,1
nominee,1
dollardenominated,1
quantifiable,1
redetermination,1
grower,1
nonrepresentative,1
prepays,1
sixmonth,1
consummates,1
calculate,1
abank,1
conjunction,1
nonconsenting,1
deeming,1
approach,1
enjoys,1
ordinance,1
unresolved,1
handled,1
mask,1
employed,1
sullivan,1
cromwell,1
buchanan,1
ingersoll,1
rooney,1
pc,1
pennsylvania,1
versatex,1
needful,1
look,1
procured,1
canceled,1
deadline,1
lessees,1
occupying,1
registries,1
destroyed,1
extinguished,1
nonguarantor,1
employers,1
trackage,1
minor,1
traderelated,1
unearned,1
nonloan,1
reinvestments,1
credited,1
produces,1
numerical,1
survivor,1
sublicense,1
uneconomical,1
negligible,1
redeeming,1
foregone,1
evading,1
interested,1
abstains,1
efficiency,1
circumventing,1
eighteen,1
avoiding,1
expressions,1
backstopping,1
certainly,1
die,1
selects,1
conversation,1
justified,1
refusing,1
concurrence,1
refraining,1
treating,1
resigns,1
succession,1
prohibitions,1
versions,1
soft,1
hard,1
messaging,1
responded,1
ones,1
prepaying,1
designees,1
affirm,1
fulfilling,1
served,1
repriced,1
superseded,1
tiff,1
matching,1
formations,1
inappropriate,1
confidence,1
reveal,1
communicating,1
suspected,1
prominently,1
sensitive,1
range,1
executes,1
enjoyed,1
investigate,1
california,1
witnesseth,1
intending,1
farm,1
officials,1
predicate,1
secrecy,1
conduit,1
warehouses,1
deloitte,1
touche,1
attributed,1
gst,1
hst,1
salaries,1
wages,1
earner,1
unimpaired,1
merchant,1
nonunited,1
author,1
defective,1
repossessed,1
foreclosed,1
revision,1
memo,1
memos,1
arithmetic,1
passage,1
matched,1
aged,1
territories,1
socalled,1
peoples,1
cfr,1
remained,1
respecting,1
redating,1
shipped,1
xix,1
late,1
xx,1
xxi,1
xxii,1
dissolving,1
imminent,1
xxiii,1
xxiv,1
drawable,1
xxv,1
fifty,1
xxvi,1
xxvii,1
xxviii,1
xxix,1
retainage,1
xxxi,1
xxxii,1
xxxiii,1
insecure,1
doubtful,1
unwillingness,1
xxxiv,1
xxxv,1
xxxvi,1
wildlife,1
biota,1
complaint,1
pollution,1
emissions,1
discharges,1
study,1
rolling,1
surveys,1
possessed,1
jpm,1
dispositive,1
lineal,1
descendants,1
caustic,1
infectious,1
royalty,1
embodying,1
institutes,1
frivolous,1
vexatious,1
patentable,1
algorithms,1
industrial,1
blueprints,1
urls,1
specifications,1
documentations,1
catalogs,1
literature,1
definitional,1
booklet,1
background,1
pep,1
gaining,1
preserving,1
storing,1
shipping,1
valuations,1
specialist,1
drafting,1
reviewing,1
syndicating,1
originated,1
val,1
rubicon,1
3rd,1
ies,1
advertiser,1
thomas,1
se1,1
9rs,1
divisionals,1
hostile,1
package,1
forecasted,1
xxxvii,1
xxxviii,1
xxxix,1
xl,1
xli,1
xlii,1
xliii,1
xliv,1
xlv,1
xlvi,1
xlvii,1
xlviii,1
xlix,1
li,1
lii,1
liii,1
liv,1
lv,1
lvi,1
lvii,1
lviii,1
lix,1
lx,1
proprietorship,1
debtx,1
hypothecs,1
picture,1
music,1
visual,1
episode,1
podcast,1
interactive,1
languages,1
cassette,1
cartridge,1
disc,1
device,1
devised,1
photo,1
illustration,1
comic,1
magazines,1
online,1
merchandise,1
scenario,1
screenplay,1
script,1
icons,1
characters,1
shortening,1
clean,1
remediate,1
assess,1
migrate,1
threaten,1
restore,1
reclaim,1
preremedial,1
demica,1
4th,1
cheapside,1
ec2v,1
6bj,1
rents,1
chairman,1
vessel,1
targeted,1
unliquidated,1
declining,1
825financial,1
inclusive,1
she,1
diligent,1
inquiries,1
attempt,1
mathematical,1
implements,1
comprises,1
collateralizing,1
discovery,1
remittances,1
commingling,1
commingle,1
hereinabove,1
collecting,1
divert,1
likelihood,1
nonrefundable,1
aftertax,1
incomplete,1
omitting,1
misrepresentation,1
registers,1
fictitious,1
exact,1
promoter,1
audits,1
routine,1
successfully,1
contests,1
occurrences,1
tanks,1
energy,1
fire,1
explosion,1
accident,1
drought,1
storm,1
hail,1
earthquake,1
embargo,1
god,1
enemy,1
profitable,1
verifying,1
discussing,1
discussions,1
examiners,1
abstracts,1
nonfinancial,1
communicate,1
derive,1
quantity,1
unqualified,1
detailing,1
12b,1
thirdparty,1
anticorruption,1
pledging,1
clearinghouse,1
defer,1
merges,1
liquidates,1
dissolves,1
interfering,1
territorially,1
detrimental,1
violates,1
apart,1
characterized,1
prohibiting,1
conditioning,1
slength,1
nonconsensual,1
voidable,1
advertisement,1
foreclose,1
assemble,1
adjourn,1
adjourned,1
occupy,1
tradenames,1
labels,1
whoever,1
marshal,1
hearing,1
prejudgment,1
occasioned,1
occupancy,1
selfhelp,1
negotiated,1
enumeration,1
collectability,1
await,1
entail,1
cared,1
park,1
34th,1
ny,1
marc,1
neill,1
phone,1
moneill,1
msole,1
spalding,1
peachtree,1
atlanta,1
ga,1
primrose,1
william,1
westbrook,1
emails,1
sprimrose,1
wwestbrook,1
23rd,1
6th,1
center,1
greenwich,1
51st,1
correspondence,1
postmarked,1
refused,1
defend,1
professionals,1
occupied,1
permissible,1
varying,1
relinquish,1
securitize,1
loaned,1
prorated,1
centralized,1
likewise,1
endorse,1
writings,1
induce,1
indemnifies,1
mere,1
suretyship,1
frauds,1
usury,1
adjudicates,1
rendering,1
verbal,1
resolved,1
conveniens,1
publicize,1
tombstone,1
press,1
organizations,1
measurements,1
disseminate,1
photographs,1
consider,1
accords,1
birth,1
levied,1
insure,1
bonding,1
essence,1
banner,1
cayman,1
